Scenario,relErrAdm,relErrDeaths
1. Baseline,1.117427368,1.607868997
2. Vaccines,1.040473206,1.770619103
3. Vaccines-severity,0.276923916,0.588862751
4. Vaccines-mixing,0.86506974,0.885543992
5. Vaccines-severity-mixing,0.225175626,0.697402241
